"1","Abrahan","Eva","aeva0@deviantart.com","Male","157.53.91.56"
"2","Nickey","Croisier","ncroisier1@vkontakte.ru","Male","196.25.72.85"
"3","Alix","Le Port","aleport2@cpanel.net","Female","62.107.59.133"
"4","Ramsay","Folkard","rfolkard3@whitehouse.gov","Male","130.245.93.253"
"5","Donavon","Renzini","drenzini4@geocities.jp","Male","159.116.199.107"
"6","Harper","Freire","hfreire5@hexun.com","Male","91.193.155.24"
"7","Inna","Dourin","idourin6@fotki.com","Female","153.71.248.100"
"8","Aarika","Trappe","atrappe7@wikimedia.org","Female","101.238.117.127"
"9","Jud","Dearan","jdearan8@biglobe.ne.jp","Male","115.129.37.223"
"10","Romona","Featherstone","rfeatherstone9@va.gov","Female","159.180.219.253"
"11","Kym","Randleson","krandlesona@cmu.edu","Female","104.90.207.139"
"12","Davie","Izakoff","dizakoffb@vk.com","Male","49.46.240.254"
"13","Rickard","Courvert","rcourvertc@biblegateway.com","Male","22.73.21.195"
"14","Brendan","Cleve","bcleved@hubpages.com","Male","108.213.77.49"
"15","Brandea","Gatheral","bgatherale@chron.com","Female","184.146.80.55"
"16","Jackie","Dallyn","jdallynf@narod.ru","Male","158.178.78.44"
"17","Kingsly","Sheed","ksheedg@jiathis.com","Male","13.253.42.76"
"18","Dinny","Seakes","dseakesh@rakuten.co.jp","Female","190.245.104.67"
"19","Gilda","Weir","gweiri@opensource.org","Female","184.254.224.229"
"20","Ofelia","Masurel","omasurelj@apple.com","Female","84.163.0.147"
"21","Zak","Scyner","zscynerk@examiner.com","Male","73.210.249.55"
"22","Bertrando","Tomsen","btomsenl@abc.net.au","Male","37.32.191.135"
"23","Delcine","Dell","ddellm@smugmug.com","Female","1.185.25.25"
"24","Trevar","Durrett","tdurrettn@nps.gov","Male","188.67.32.104"
"25","Penn","Liff","pliffo@last.fm","Male","198.103.63.127"
"26","Marcy","Ruggiero","mruggierop@icq.com","Female","58.27.12.48"
"27","Artus","Coppo","acoppoq@chronoengine.com","Male","215.47.11.65"
"28","Granny","Emms","gemmsr@soundcloud.com","Male","171.251.39.126"
"29","Bren","Heady","bheadys@hubpages.com","Female","176.24.161.35"
"30","Kippie","Fender","kfendert@businessinsider.com","Male","115.60.151.252"
"31","Hersh","Tichner","htichneru@domainmarket.com","Male","194.145.47.136"
"32","Petey","McCloughlin","pmccloughlinv@uol.com.br","Male","1.6.213.26"
"33","Gaspar","Emig","gemigw@ebay.co.uk","Male","143.104.6.176"
"34","Lucina","Catlow","lcatlowx@amazon.com","Female","87.34.211.94"
"35","Norah","Charlesworth","ncharlesworthy@edublogs.org","Female","194.9.227.169"
"36","Howard","Leonida","hleonidaz@youtu.be","Male","94.179.247.42"
"37","Christen","Pryke","cpryke10@columbia.edu","Female","238.89.61.97"
"38","Garwood","Bartoszewicz","gbartoszewicz11@shinystat.com","Male","235.103.28.6"
"39","Hermon","Insall","hinsall12@cargocollective.com","Male","120.112.186.167"
"40","Morgan","Antonik","mantonik13@nhs.uk","Female","239.107.180.126"
"41","Sandro","Forlonge","sforlonge14@howstuffworks.com","Male","236.27.245.4"
"42","Bord","Gandar","bgandar15@acquirethisname.com","Male","72.177.153.212"
"43","Sianna","Saffell","ssaffell16@umich.edu","Female","102.101.35.151"
"44","Fonsie","Coye","fcoye17@51.la","Male","253.77.6.123"
"45","Colin","Witter","cwitter18@newyorker.com","Male","23.148.1.97"
"46","Angeline","Schruyers","aschruyers19@bbb.org","Female","133.39.189.90"
"47","Kissee","Wemyss","kwemyss1a@bloglines.com","Female","72.93.13.5"
"48","Patten","Savoury","psavoury1b@princeton.edu","Male","149.51.131.180"
"49","Toddy","Sherbrook","tsherbrook1c@bizjournals.com","Male","135.34.134.19"
"50","Elston","Aronoff","earonoff1d@elpais.com","Male","208.109.126.204"
"51","Eleni","Lowell","elowell1e@clickbank.net","Female","177.134.238.235"
"52","Holden","Fandrich","hfandrich1f@meetup.com","Male","196.127.125.28"
"53","Felicle","Kempstone","fkempstone1g@sciencedaily.com","Female","69.217.217.233"
"54","Brynna","Meric","bmeric1h@google.ru","Female","77.65.106.132"
"55","Dev","Tankard","dtankard1i@ft.com","Male","30.205.85.180"
"56","Cal","Viccars","cviccars1j@wordpress.com","Female","59.235.67.40"
"57","Leland","Hurndall","lhurndall1k@freewebs.com","Male","203.252.251.120"
"58","Quent","Connue","qconnue1l@feedburner.com","Male","249.205.160.113"
"59","Laurence","Selwyne","lselwyne1m@nps.gov","Male","206.250.21.88"
"60","Katey","Crasford","kcrasford1n@epa.gov","Female","86.16.205.62"
"61","Lannie","Wiggin","lwiggin1o@dedecms.com","Male","89.189.253.120"
"62","Camila","Pennycord","cpennycord1p@java.com","Female","207.170.210.1"
"63","Abbye","Borges","aborges1q@spiegel.de","Female","106.196.195.32"
"64","Bone","Botler","bbotler1r@so-net.ne.jp","Male","96.126.170.223"
"65","Lynelle","Solland","lsolland1s@kickstarter.com","Female","171.115.78.121"
"66","Ernest","Jenoure","ejenoure1t@technorati.com","Male","176.91.67.221"
"67","Tobey","Thurlborn","tthurlborn1u@home.pl","Female","36.114.196.11"
"68","Eddy","Glennie","eglennie1v@bluehost.com","Male","169.31.178.28"
"69","Flint","Das","fdas1w@edublogs.org","Male","217.156.191.237"
"70","Wye","Portam","wportam1x@mlb.com","Male","144.7.3.171"
"71","Nicholle","Ferreira","nferreira1y@ehow.com","Female","100.218.62.158"
"72","Rosetta","Barme","rbarme1z@uiuc.edu","Female","219.15.164.134"
"73","Arabele","De-Ville","adeville20@ted.com","Female","163.180.180.75"
"74","Derby","MacArte","dmacarte21@goo.gl","Male","231.173.9.158"
"75","Vidovic","Town","vtown22@hatena.ne.jp","Male","172.71.165.70"
"76","Ed","Scates","escates23@independent.co.uk","Male","37.116.115.53"
"77","Gerome","Wollacott","gwollacott24@google.it","Male","35.81.237.97"
"78","Darrell","Betz","dbetz25@ycombinator.com","Male","70.66.67.201"
"79","Ivan","Davidovitch","idavidovitch26@xinhuanet.com","Male","168.40.195.26"
"80","Jackie","Saul","jsaul27@blogs.com","Male","5.215.161.96"
"81","Siusan","Durdy","sdurdy28@europa.eu","Female","173.112.14.238"
"82","Stacee","Stonhouse","sstonhouse29@prweb.com","Male","65.72.7.0"
"83","Shelley","Moughtin","smoughtin2a@huffingtonpost.com","Male","128.242.206.105"
"84","Cyndia","Betjeman","cbetjeman2b@yolasite.com","Female","195.165.87.249"
"85","Shae","Clemerson","sclemerson2c@samsung.com","Male","165.157.138.166"
"86","Gay","Stranio","gstranio2d@squidoo.com","Male","148.249.32.132"
"87","Phillis","Baytrop","pbaytrop2e@simplemachines.org","Female","43.22.133.201"
"88","Dex","Ceney","dceney2f@yale.edu","Male","65.50.74.94"
"89","Bink","Lempenny","blempenny2g@t.co","Male","188.77.11.167"
"90","Baldwin","Legerwood","blegerwood2h@4shared.com","Male","0.208.0.171"
"91","Cesya","Grut","cgrut2i@t-online.de","Female","125.140.23.222"
"92","Alfy","Seldner","aseldner2j@ed.gov","Male","47.3.70.201"
"93","Miller","Speke","mspeke2k@nyu.edu","Male","63.88.115.54"
"94","Jyoti","Sellstrom","jsellstrom2l@nifty.com","Female","137.138.155.14"
"95","Analiese","Icom","aicom2m@technorati.com","Female","16.154.192.91"
"96","Pierre","Gravatt","pgravatt2n@ucoz.ru","Male","68.152.199.225"
"97","Malissia","Gatheridge","mgatheridge2o@usgs.gov","Female","222.11.169.174"
"98","Leigh","Jovic","ljovic2p@artisteer.com","Female","216.38.222.19"
"99","Silvain","Lebreton","slebreton2q@twitpic.com","Male","137.119.32.161"
"100","Ewen","Lammerding","elammerding2r@wunderground.com","Male","255.153.118.139"
"101","Frank","McKinna","fmckinna2s@t.co","Male","146.119.231.222"
"102","Tarrance","Cheshire","tcheshire2t@aol.com","Male","236.76.86.112"
"103","Domeniga","Ilsley","dilsley2u@wikipedia.org","Female","1.208.244.162"
"104","Sigismundo","Caurah","scaurah2v@furl.net","Male","47.175.144.245"
"105","Quincey","Pandie","qpandie2w@ehow.com","Male","7.153.241.253"
"106","Kipper","Ouldcott","kouldcott2x@fastcompany.com","Male","124.217.219.199"
"107","Lizette","McAnellye","lmcanellye2y@opera.com","Female","203.197.212.116"
"108","Ingunna","Rattenbury","irattenbury2z@joomla.org","Female","237.88.110.179"
"109","Caleb","Rozet","crozet30@netvibes.com","Male","179.237.201.236"
"110","Kathlin","Reany","kreany31@uol.com.br","Female","117.122.42.163"
"111","Denney","Goldspink","dgoldspink32@weather.com","Male","140.153.185.216"
"112","Charles","Dennett","cdennett33@icio.us","Male","149.246.165.4"
"113","Didi","Ragate","dragate34@google.fr","Female","232.142.96.109"
"114","Keene","Lodin","klodin35@t.co","Male","237.74.149.102"
"115","Hanson","Arendt","harendt36@shareasale.com","Male","65.181.11.207"
"116","Bel","Neil","bneil37@dell.com","Female","172.204.216.72"
"117","Ellissa","Elsmore","eelsmore38@bloglines.com","Female","91.232.249.214"
"118","Raleigh","MacQuarrie","rmacquarrie39@odnoklassniki.ru","Male","141.121.222.159"
"119","Fredric","Teager","fteager3a@booking.com","Male","173.5.223.145"
"120","Marten","Schutter","mschutter3b@twitter.com","Male","65.253.36.0"
"121","Beckie","Tallboy","btallboy3c@examiner.com","Female","236.183.208.125"
"122","Gabrila","Sexton","gsexton3d@cisco.com","Female","173.119.248.229"
"123","Carol","Smallacombe","csmallacombe3e@google.co.jp","Female","235.163.156.94"
"124","Miguelita","Litzmann","mlitzmann3f@people.com.cn","Female","69.163.205.0"
"125","Valaree","Clemas","vclemas3g@japanpost.jp","Female","212.7.188.189"
"126","Siffre","Moorcraft","smoorcraft3h@washington.edu","Male","51.80.136.81"
"127","Eadith","Firmin","efirmin3i@csmonitor.com","Female","154.0.32.233"
"128","Dudley","Bairstow","dbairstow3j@amazonaws.com","Male","205.60.189.79"
"129","Corrianne","Berrey","cberrey3k@rediff.com","Female","86.77.247.228"
"130","Nico","Breedy","nbreedy3l@utexas.edu","Male","63.32.16.218"
"131","Ivor","Edds","iedds3m@moonfruit.com","Male","143.27.32.171"
"132","Worthington","Scorer","wscorer3n@omniture.com","Male","132.95.104.95"
"133","Vikki","Mugford","vmugford3o@bbc.co.uk","Female","91.168.168.144"
"134","Shara","Dungee","sdungee3p@ifeng.com","Female","119.140.2.217"
"135","Nicole","Spry","nspry3q@mozilla.org","Female","197.170.253.94"
"136","Rees","Menezes","rmenezes3r@nba.com","Male","186.75.203.25"
"137","Rina","Renol","rrenol3s@123-reg.co.uk","Female","41.77.94.227"
"138","Marybelle","Prozescky","mprozescky3t@seattletimes.com","Female","235.175.171.60"
"139","Madelena","Beinisch","mbeinisch3u@mapquest.com","Female","236.214.73.175"
"140","Welsh","Giacaponi","wgiacaponi3v@ycombinator.com","Male","119.106.142.1"
"141","Anders","MacRury","amacrury3w@ucsd.edu","Male","118.19.89.245"
"142","Aggy","Linkin","alinkin3x@china.com.cn","Female","134.236.31.45"
"143","Ranna","Dodding","rdodding3y@g.co","Female","120.66.235.240"
"144","Marci","Grossier","mgrossier3z@behance.net","Female","146.84.169.40"
"145","Myrtle","Tebbut","mtebbut40@chron.com","Female","241.13.70.5"
"146","Latashia","Brydone","lbrydone41@gnu.org","Female","10.178.11.164"
"147","Sollie","Cullinan","scullinan42@cisco.com","Male","211.249.9.70"
"148","Hedwiga","Posthill","hposthill43@mit.edu","Female","143.7.233.211"
"149","Nessa","Poppleton","npoppleton44@pagesperso-orange.fr","Female","228.164.8.21"
"150","Shep","Ambage","sambage45@slate.com","Male","69.49.3.241"
"151","Malynda","Giroldo","mgiroldo46@meetup.com","Female","57.161.156.221"
"152","Theressa","Jans","tjans47@cnbc.com","Female","151.0.118.157"
"153","Owen","Shoard","oshoard48@businessweek.com","Male","24.17.13.168"
"154","Ricky","Myott","rmyott49@jugem.jp","Male","201.138.216.20"
"155","Nicol","Beldum","nbeldum4a@ibm.com","Female","230.104.181.38"
"156","Henderson","Braunroth","hbraunroth4b@webeden.co.uk","Male","141.134.182.184"
"157","Ashley","Mishow","amishow4c@unesco.org","Male","49.127.224.113"
"158","Franklin","O'Sheils","fosheils4d@oakley.com","Male","43.33.7.189"
"159","Reginauld","Sinderson","rsinderson4e@pcworld.com","Male","105.94.108.38"
"160","Giraldo","Brimicombe","gbrimicombe4f@about.me","Male","206.56.106.71"
"161","Leigh","Allett","lallett4g@blog.com","Male","117.31.30.189"
"162","Jae","Wentworth","jwentworth4h@vk.com","Male","48.204.31.31"
"163","Linoel","Asple","lasple4i@odnoklassniki.ru","Male","158.63.145.192"
"164","Herculie","Albon","halbon4j@hibu.com","Male","109.23.19.247"
"165","Doreen","Clover","dclover4k@com.com","Female","177.112.142.56"
"166","Cherida","Antram","cantram4l@lycos.com","Female","253.230.122.223"
"167","Randee","Treadgear","rtreadgear4m@boston.com","Female","92.158.252.70"
"168","Fons","Deerness","fdeerness4n@thetimes.co.uk","Male","21.222.227.164"
"169","Alfreda","Sego","asego4o@cornell.edu","Female","179.124.167.67"
"170","Georgia","Davydzenko","gdavydzenko4p@china.com.cn","Female","78.108.252.29"
"171","Norine","Taphouse","ntaphouse4q@jiathis.com","Female","32.217.241.70"
"172","Sigvard","Saphir","ssaphir4r@alexa.com","Male","27.246.21.120"
"173","Charmaine","Christley","cchristley4s@is.gd","Female","217.170.203.21"
"174","Brynne","Dering","bdering4t@ox.ac.uk","Female","81.56.89.35"
"175","Shoshana","Bigglestone","sbigglestone4u@hostgator.com","Female","197.182.122.122"
"176","Ulrica","Vallery","uvallery4v@surveymonkey.com","Female","123.190.161.183"
"177","Bonni","Leacy","bleacy4w@stumbleupon.com","Female","230.136.100.38"
"178","Maynard","Cyster","mcyster4x@w3.org","Male","252.189.171.80"
"179","Tatiana","Denisovich","tdenisovich4y@nydailynews.com","Female","192.221.48.25"
"180","Conroy","Lewtey","clewtey4z@google.nl","Male","123.29.79.0"
"181","Delmore","Keppel","dkeppel50@prweb.com","Male","34.255.104.104"
"182","Godfrey","Espadero","gespadero51@opera.com","Male","247.242.79.2"
"183","Morly","Mollison","mmollison52@loc.gov","Male","209.6.157.92"
"184","Gardner","Woolland","gwoolland53@surveymonkey.com","Male","14.184.34.228"
"185","Elinor","Amps","eamps54@gizmodo.com","Female","7.166.30.189"
"186","Elly","Futter","efutter55@disqus.com","Female","239.144.101.123"
"187","Peggie","Inde","pinde56@geocities.jp","Female","225.99.34.227"
"188","Mortie","Bissatt","mbissatt57@clickbank.net","Male","131.201.75.113"
"189","Emelda","Chiplen","echiplen58@ning.com","Female","98.220.204.52"
"190","Stephen","Horlock","shorlock59@wsj.com","Male","94.146.138.143"
"191","Nina","Bartalin","nbartalin5a@eventbrite.com","Female","232.79.123.162"
"192","Mackenzie","Rawling","mrawling5b@joomla.org","Male","230.227.187.40"
"193","Leontyne","Hofton","lhofton5c@squidoo.com","Female","63.183.179.105"
"194","Minnaminnie","Antczak","mantczak5d@walmart.com","Female","5.230.73.107"
"195","Rodolph","Santen","rsanten5e@businessinsider.com","Male","183.184.3.203"
"196","Emogene","Cantopher","ecantopher5f@edublogs.org","Female","116.145.107.44"
"197","Nilson","Bardill","nbardill5g@hostgator.com","Male","172.124.85.250"
"198","Maddalena","Bower","mbower5h@cam.ac.uk","Female","246.191.72.31"
"199","Adelheid","Cropton","acropton5i@diigo.com","Female","58.35.193.160"
"200","Jehu","McGaugie","jmcgaugie5j@sciencedirect.com","Male","53.26.79.127"
"201","Bobinette","Holleran","bholleran5k@engadget.com","Female","173.233.233.203"
"202","Clare","Mixer","cmixer5l@moonfruit.com","Male","16.39.242.138"
"203","Arlin","Kiehl","akiehl5m@123-reg.co.uk","Male","224.133.196.83"
"204","Marylou","Annies","mannies5n@arizona.edu","Female","182.218.123.141"
"205","Armand","Pendre","apendre5o@google.pl","Male","161.69.130.69"
"206","Brier","Jeram","bjeram5p@ebay.com","Female","239.86.117.249"
"207","Gerry","Vardon","gvardon5q@cnn.com","Female","25.78.52.27"
"208","Den","Rippen","drippen5r@craigslist.org","Male","148.95.32.124"
"209","Rey","Westberg","rwestberg5s@51.la","Male","196.220.35.13"
"210","Val","Cobley","vcobley5t@blinklist.com","Male","68.40.185.223"
"211","Angelina","Yesichev","ayesichev5u@mail.ru","Female","53.26.179.18"
"212","Salaidh","Belone","sbelone5v@list-manage.com","Female","33.245.69.127"
"213","Emmery","Bernardin","ebernardin5w@google.com.hk","Male","219.53.24.27"
"214","Huey","Rand","hrand5x@quantcast.com","Male","198.161.188.180"
"215","Davita","Eller","deller5y@bing.com","Female","67.248.228.52"
"216","Martynne","Powton","mpowton5z@foxnews.com","Female","184.177.7.186"
"217","Cly","Santori","csantori60@google.it","Male","211.194.100.199"
"218","Bartholomeus","Yorston","byorston61@auda.org.au","Male","189.142.162.16"
"219","Lenci","Norkett","lnorkett62@mail.ru","Male","21.110.158.224"
"220","Samson","Blenkinship","sblenkinship63@huffingtonpost.com","Male","161.90.187.143"
"221","Miller","Knowlson","mknowlson64@cdc.gov","Male","66.139.231.215"
"222","Monroe","Reinmar","mreinmar65@spiegel.de","Male","255.119.178.201"
"223","Nanni","Ainger","nainger66@illinois.edu","Female","139.109.165.84"
"224","Angelico","McColm","amccolm67@tmall.com","Male","231.121.200.103"
"225","Ransom","Ary","rary68@gravatar.com","Male","3.63.114.40"
"226","Anderson","Eagles","aeagles69@washington.edu","Male","199.66.10.210"
"227","Kailey","Fothergill","kfothergill6a@jalbum.net","Female","175.249.101.173"
"228","Sharron","Ovise","sovise6b@samsung.com","Female","62.117.106.171"
"229","Keelby","Lauderdale","klauderdale6c@sphinn.com","Male","11.167.82.94"
"230","Jacquenette","Triggol","jtriggol6d@dedecms.com","Female","243.39.11.208"
"231","Carolee","Charnock","ccharnock6e@meetup.com","Female","221.135.204.9"
"232","Durante","Mitkin","dmitkin6f@opera.com","Male","245.143.231.70"
"233","Ashli","Babcock","ababcock6g@com.com","Female","127.200.125.91"
"234","Stillman","Garrish","sgarrish6h@spotify.com","Male","146.125.71.31"
"235","Saudra","Heninghem","sheninghem6i@sciencedirect.com","Female","219.10.141.212"
"236","Ardisj","Sheards","asheards6j@blinklist.com","Female","43.5.213.23"
"237","Arlana","Mallinder","amallinder6k@economist.com","Female","203.66.218.126"
"238","Gwenny","Pask","gpask6l@slate.com","Female","174.47.44.95"
"239","Rancell","Haberjam","rhaberjam6m@livejournal.com","Male","194.87.182.217"
"240","Berti","Grassick","bgrassick6n@exblog.jp","Female","57.132.0.221"
"241","Clyde","Fendlen","cfendlen6o@narod.ru","Male","233.19.98.191"
"242","Tiffi","Saunder","tsaunder6p@github.com","Female","194.0.87.11"
"243","Luca","Cranston","lcranston6q@earthlink.net","Male","64.70.208.60"
"244","Bendicty","Moynihan","bmoynihan6r@who.int","Male","64.224.254.160"
"245","Kevon","Zorzini","kzorzini6s@pagesperso-orange.fr","Male","13.250.134.182"
"246","Manolo","Falco","mfalco6t@blogspot.com","Male","113.105.6.204"
"247","Barris","O'Dougherty","bodougherty6u@bigcartel.com","Male","226.150.104.232"
"248","Herbie","Tremontana","htremontana6v@cocolog-nifty.com","Male","210.157.33.207"
"249","Celestina","Pepper","cpepper6w@people.com.cn","Female","126.145.171.37"
"250","Hetti","Brimilcombe","hbrimilcombe6x@skyrock.com","Female","104.192.93.191"
"251","Rosana","Tamburo","rtamburo6y@arstechnica.com","Female","122.38.4.249"
"252","Raimundo","Inett","rinett6z@meetup.com","Male","195.250.223.247"
"253","Aaron","Ruos","aruos70@sbwire.com","Male","251.45.1.213"
"254","Suzy","Allon","sallon71@sohu.com","Female","33.113.195.247"
"255","Maxine","Shapera","mshapera72@netlog.com","Female","247.178.14.53"
"256","Amara","Taveriner","ataveriner73@liveinternet.ru","Female","204.135.209.119"
"257","Decca","Dannohl","ddannohl74@angelfire.com","Male","134.240.184.152"
"258","Daniel","Mulvihill","dmulvihill75@prnewswire.com","Male","70.219.187.80"
"259","Zollie","Garaghan","zgaraghan76@diigo.com","Male","166.92.223.254"
"260","Drusilla","Merchant","dmerchant77@miibeian.gov.cn","Female","90.158.13.249"
"261","Kelsey","Simao","ksimao78@goo.gl","Female","120.163.212.66"
"262","Babara","Mixer","bmixer79@google.pl","Female","37.112.119.217"
"263","Ashlan","Caughte","acaughte7a@google.ca","Female","116.146.116.240"
"264","Annabelle","Lushey","alushey7b@netvibes.com","Female","76.51.247.106"
"265","Myrwyn","Habbal","mhabbal7c@hatena.ne.jp","Male","88.201.162.21"
"266","Benton","Hellwig","bhellwig7d@liveinternet.ru","Male","81.200.50.62"
"267","Madalyn","Bollam","mbollam7e@skyrock.com","Female","170.53.212.202"
"268","Patrizius","Baudry","pbaudry7f@washingtonpost.com","Male","1.88.9.154"
"269","Osbert","McMeeking","omcmeeking7g@ucsd.edu","Male","81.119.212.208"
"270","Reed","Hillen","rhillen7h@virginia.edu","Male","115.167.191.106"
"271","Lillis","Ever","lever7i@opensource.org","Female","174.122.7.121"
"272","Eva","Battison","ebattison7j@harvard.edu","Female","232.145.147.8"
"273","Barby","Prewett","bprewett7k@yelp.com","Female","255.127.36.15"
"274","Chane","Roseblade","croseblade7l@reference.com","Male","99.195.213.37"
"275","Townie","Dybell","tdybell7m@yale.edu","Male","219.118.210.239"
"276","Coop","Gemmell","cgemmell7n@com.com","Male","190.191.107.9"
"277","Cynthy","Sallarie","csallarie7o@tripadvisor.com","Female","98.64.189.207"
"278","Farleigh","Lisciandri","flisciandri7p@prweb.com","Male","86.19.153.253"
"279","Kris","Willas","kwillas7q@skyrock.com","Male","3.145.6.230"
"280","Alvinia","Ibbitson","aibbitson7r@tuttocitta.it","Female","235.27.146.53"
"281","Kelcie","Busch","kbusch7s@multiply.com","Female","64.233.29.124"
"282","Rowney","Bulluck","rbulluck7t@webnode.com","Male","189.202.254.245"
"283","Hy","Castelluzzi","hcastelluzzi7u@reference.com","Male","124.177.225.101"
"284","Adriena","Jenckes","ajenckes7v@newsvine.com","Female","193.4.135.237"
"285","Dotty","McNeigh","dmcneigh7w@squidoo.com","Female","190.245.107.193"
"286","Colby","Trower","ctrower7x@mediafire.com","Male","16.79.181.182"
"287","Denice","Paddie","dpaddie7y@ehow.com","Female","142.162.25.60"
"288","Renaldo","Flegg","rflegg7z@hibu.com","Male","34.82.168.33"
"289","Tybalt","Wainscot","twainscot80@dailymail.co.uk","Male","150.68.209.226"
"290","Raoul","Ratlee","rratlee81@hud.gov","Male","66.52.68.216"
"291","Brandon","Bearcock","bbearcock82@mac.com","Male","87.66.26.99"
"292","Harmony","De Laspee","hdelaspee83@squidoo.com","Female","9.221.127.24"
"293","Felicle","Blancowe","fblancowe84@tiny.cc","Female","70.90.156.140"
"294","Luz","Hek","lhek85@jiathis.com","Female","55.16.47.201"
"295","Sherwood","Vlasyev","svlasyev86@kickstarter.com","Male","224.0.21.208"
"296","Nichole","Fellenor","nfellenor87@reddit.com","Female","94.159.169.126"
"297","Winona","McNay","wmcnay88@spotify.com","Female","141.167.252.77"
"298","Northrop","Vanyutin","nvanyutin89@mysql.com","Male","185.238.94.16"
"299","Felice","Collcutt","fcollcutt8a@example.com","Male","93.60.56.12"
"300","Rab","Titford","rtitford8b@google.nl","Male","193.83.125.120"
"301","Aguistin","Youens","ayouens8c@rakuten.co.jp","Male","29.48.118.244"
"302","Taddeusz","Eastway","teastway8d@reddit.com","Male","5.123.215.84"
"303","Juliana","Dominguez","jdominguez8e@dedecms.com","Female","96.48.153.203"
"304","Tyrus","Malham","tmalham8f@ox.ac.uk","Male","176.191.101.114"
"305","Anthea","Liddiatt","aliddiatt8g@flavors.me","Female","39.49.111.115"
"306","Eveleen","Lowre","elowre8h@ocn.ne.jp","Female","116.133.105.125"
"307","Cary","Brister","cbrister8i@timesonline.co.uk","Female","53.214.30.30"
"308","Emmery","Morilla","emorilla8j@sogou.com","Male","214.228.33.115"
"309","Audrie","Suffe","asuffe8k@statcounter.com","Female","173.179.226.210"
"310","Purcell","Scrivin","pscrivin8l@1688.com","Male","48.171.112.6"
"311","Edythe","Barukh","ebarukh8m@nytimes.com","Female","12.253.5.153"
"312","Herb","Kalisz","hkalisz8n@addthis.com","Male","108.180.158.249"
"313","Rosabella","Swaite","rswaite8o@mtv.com","Female","135.35.41.25"
"314","Fernandina","Jennions","fjennions8p@deliciousdays.com","Female","14.172.157.246"
"315","Janessa","Wattam","jwattam8q@japanpost.jp","Female","55.117.6.227"
"316","Emelen","Roebuck","eroebuck8r@freewebs.com","Male","87.24.113.171"
"317","Dulcie","Storre","dstorre8s@biglobe.ne.jp","Female","140.193.62.189"
"318","Celinka","Egdal","cegdal8t@plala.or.jp","Female","105.37.99.179"
"319","Evonne","Toffaloni","etoffaloni8u@live.com","Female","106.119.80.112"
"320","Vincent","Minocchi","vminocchi8v@lycos.com","Male","90.149.190.81"
"321","Lia","Lardier","llardier8w@ycombinator.com","Female","51.35.59.8"
"322","Thom","Kaspar","tkaspar8x@icq.com","Male","126.62.60.53"
"323","Morissa","Hinsch","mhinsch8y@kickstarter.com","Female","65.148.199.57"
"324","Cathy","Montrose","cmontrose8z@samsung.com","Female","96.146.61.179"
"325","Consuelo","Farlam","cfarlam90@networkadvertising.org","Female","114.111.131.191"
"326","Noach","Capon","ncapon91@blinklist.com","Male","149.4.47.6"
"327","Yard","Weblin","yweblin92@blinklist.com","Male","170.6.38.59"
"328","Agustin","Balleine","aballeine93@webmd.com","Male","176.131.214.82"
"329","Bonnie","Poletto","bpoletto94@economist.com","Female","56.191.197.4"
"330","Homerus","Escalero","hescalero95@simplemachines.org","Male","107.12.100.209"
"331","Alair","Klink","aklink96@goo.ne.jp","Male","224.197.22.29"
"332","Thom","Tamas","ttamas97@dedecms.com","Male","251.97.201.204"
"333","Kristo","Woffinden","kwoffinden98@wikipedia.org","Male","113.185.251.34"
"334","April","Matthews","amatthews99@home.pl","Female","173.44.47.138"
"335","Olympe","Hyde-Chambers","ohydechambers9a@sfgate.com","Female","131.106.172.98"
"336","Vincent","Hoppner","vhoppner9b@lycos.com","Male","243.221.155.90"
"337","Kelsey","Kimberly","kkimberly9c@nydailynews.com","Female","20.69.70.182"
"338","Xena","Lauthian","xlauthian9d@storify.com","Female","44.148.184.213"
"339","Boot","Haizelden","bhaizelden9e@booking.com","Male","40.241.238.69"
"340","Tiphany","Guyers","tguyers9f@virginia.edu","Female","250.158.213.123"
"341","Marieann","Shah","mshah9g@instagram.com","Female","60.214.14.112"
"342","Fidel","Pillington","fpillington9h@qq.com","Male","126.113.175.84"
"343","Edin","Blenkinsop","eblenkinsop9i@opensource.org","Female","3.24.92.14"
"344","Mechelle","Penburton","mpenburton9j@tmall.com","Female","253.240.243.19"
"345","Galen","Buchanan","gbuchanan9k@canalblog.com","Male","81.51.30.30"
"346","Burch","Cuseck","bcuseck9l@springer.com","Male","137.64.204.103"
"347","Josias","Prestney","jprestney9m@imgur.com","Male","22.90.131.187"
"348","Bryanty","Adam","badam9n@amazon.de","Male","244.207.169.159"
"349","Jameson","Iacobucci","jiacobucci9o@eepurl.com","Male","250.58.243.119"
"350","Grayce","Sollas","gsollas9p@about.com","Female","121.94.72.37"
"351","Bathsheba","Doberer","bdoberer9q@com.com","Female","8.21.97.87"
"352","Austin","Thorsen","athorsen9r@imdb.com","Male","86.155.211.26"
"353","Aylmar","Duling","aduling9s@printfriendly.com","Male","166.59.130.99"
"354","Joshia","Playford","jplayford9t@nps.gov","Male","91.141.238.236"
"355","Jamesy","Loeber","jloeber9u@globo.com","Male","113.245.31.199"
"356","Griselda","Tolomio","gtolomio9v@mit.edu","Female","78.139.131.46"
"357","Lexi","Saterthwait","lsaterthwait9w@seattletimes.com","Female","94.89.39.121"
"358","Shandra","Moller","smoller9x@photobucket.com","Female","7.82.174.61"
"359","Darrick","Giuron","dgiuron9y@sogou.com","Male","231.221.208.3"
"360","Owen","Townsend","otownsend9z@usda.gov","Male","99.3.0.152"
"361","Theodosia","Shoute","tshoutea0@about.com","Female","88.190.239.103"
"362","Elise","Guillerman","eguillermana1@symantec.com","Female","11.133.168.56"
"363","Shermie","Skippings","sskippingsa2@gnu.org","Male","15.93.145.129"
"364","Peg","Taylorson","ptaylorsona3@yandex.ru","Female","200.254.225.27"
"365","Vittoria","Vinck","vvincka4@dailymail.co.uk","Female","156.160.161.56"
"366","Modesty","Haker","mhakera5@g.co","Female","98.145.215.246"
"367","Kennett","Bampkin","kbampkina6@newyorker.com","Male","145.188.182.22"
"368","Nonnah","Eisak","neisaka7@paypal.com","Female","215.237.1.175"
"369","Patty","Bernardy","pbernardya8@dropbox.com","Male","125.100.94.220"
"370","Clevey","Murgatroyd","cmurgatroyda9@slashdot.org","Male","218.242.173.166"
"371","Jacquie","Minister","jministeraa@mozilla.org","Female","145.30.144.70"
"372","Modesta","Tedahl","mtedahlab@spiegel.de","Female","121.33.229.82"
"373","Gregory","Skures","gskuresac@nationalgeographic.com","Male","168.45.154.7"
"374","Karol","Stampfer","kstampferad@friendfeed.com","Female","56.187.58.69"
"375","Edlin","Dansey","edanseyae@uiuc.edu","Male","126.68.126.55"
"376","Gerrilee","Peto","gpetoaf@slashdot.org","Female","25.101.209.202"
"377","Erena","Dudgeon","edudgeonag@latimes.com","Female","223.234.70.54"
"378","Bliss","Harrington","bharringtonah@github.io","Female","120.149.15.116"
"379","Cory","Bernardotte","cbernardotteai@hatena.ne.jp","Male","37.110.180.95"
"380","Pavlov","Crummey","pcrummeyaj@shop-pro.jp","Male","44.238.207.166"
"381","Juliette","Holworth","jholworthak@nytimes.com","Female","134.44.140.147"
"382","Carolynn","Hince","chinceal@elpais.com","Female","18.138.29.118"
"383","Morgen","Hanrott","mhanrottam@feedburner.com","Male","179.208.247.160"
"384","Jarrett","Willder","jwillderan@google.fr","Male","170.241.74.90"
"385","Alden","Skitral","askitralao@mtv.com","Male","210.233.219.205"
"386","Dru","Hannant","dhannantap@bandcamp.com","Male","205.133.76.50"
"387","Christal","Spillard","cspillardaq@tripadvisor.com","Female","163.39.131.77"
"388","Cole","Rhubottom","crhubottomar@home.pl","Male","166.241.206.111"
"389","Osbourne","Dziwisz","odziwiszas@shop-pro.jp","Male","23.7.229.187"
"390","Darrell","Tranmer","dtranmerat@cnet.com","Male","167.21.209.138"
"391","Wendeline","Mangham","wmanghamau@home.pl","Female","187.238.124.116"
"392","Julietta","Artis","jartisav@mysql.com","Female","214.13.117.12"
"393","Lynsey","Wormald","lwormaldaw@miitbeian.gov.cn","Female","146.214.72.55"
"394","Lazaro","Bolsover","lbolsoverax@gov.uk","Male","229.7.3.236"
"395","Granville","McCafferky","gmccafferkyay@howstuffworks.com","Male","138.12.29.246"
"396","Mercy","Vischi","mvischiaz@tumblr.com","Female","114.12.117.58"
"397","Winny","Fairall","wfairallb0@craigslist.org","Male","172.78.110.52"
"398","Georgetta","Feldhuhn","gfeldhuhnb1@cpanel.net","Female","138.255.92.87"
"399","Whitman","Seathwright","wseathwrightb2@bbb.org","Male","242.50.165.225"
"400","Lynn","Grundle","lgrundleb3@macromedia.com","Male","198.131.114.217"
"401","Morton","Cronshaw","mcronshawb4@hhs.gov","Male","10.161.88.202"
"402","Violetta","Busst","vbusstb5@unblog.fr","Female","211.2.179.212"
"403","Dotti","Coatsworth","dcoatsworthb6@oaic.gov.au","Female","246.32.138.116"
"404","Valeda","Yellop","vyellopb7@salon.com","Female","48.158.85.178"
"405","Rodi","Licciardi","rlicciardib8@whitehouse.gov","Female","77.74.172.173"
"406","Judy","Marshallsay","jmarshallsayb9@over-blog.com","Female","44.231.220.171"
"407","Deanne","Ainsbury","dainsburyba@wunderground.com","Female","227.102.175.35"
"408","Willow","Abrahamoff","wabrahamoffbb@newsvine.com","Female","213.54.49.243"
"409","Devina","Simpkin","dsimpkinbc@edublogs.org","Female","133.94.5.16"
"410","Osbourn","McKmurrie","omckmurriebd@businessweek.com","Male","243.138.250.181"
"411","Dino","Smalles","dsmallesbe@newsvine.com","Male","236.197.204.9"
"412","Boniface","Cast","bcastbf@furl.net","Male","193.168.82.169"
"413","Bobette","Milburn","bmilburnbg@state.tx.us","Female","112.16.115.32"
"414","Whitby","Murrigans","wmurrigansbh@jugem.jp","Male","244.116.191.118"
"415","Wileen","Chalcot","wchalcotbi@deliciousdays.com","Female","87.69.237.129"
"416","Helaine","Boam","hboambj@ucoz.ru","Female","177.149.31.24"
"417","Garwood","Balharrie","gbalharriebk@tmall.com","Male","201.94.112.80"
"418","Ingram","Prout","iproutbl@go.com","Male","13.16.251.137"
"419","Brucie","Clere","bclerebm@meetup.com","Male","95.219.183.83"
"420","Yale","Munton","ymuntonbn@stanford.edu","Male","185.69.79.225"
"421","Nesta","Sweet","nsweetbo@hp.com","Female","42.7.102.111"
"422","Konrad","Hofler","khoflerbp@51.la","Male","131.131.121.7"
"423","Conroy","Mouget","cmougetbq@irs.gov","Male","209.25.120.60"
"424","Ric","Westhoff","rwesthoffbr@epa.gov","Male","106.1.174.190"
"425","Chadd","Cromwell","ccromwellbs@independent.co.uk","Male","233.158.41.19"
"426","Sheelagh","MacPhail","smacphailbt@tmall.com","Female","161.77.23.129"
"427","Jeddy","Charteris","jcharterisbu@surveymonkey.com","Male","178.161.157.73"
"428","Bartolemo","Burgum","bburgumbv@indiegogo.com","Male","131.233.17.132"
"429","Hurlee","Grinnov","hgrinnovbw@google.com.au","Male","12.166.70.187"
"430","Elyn","Gaitone","egaitonebx@nifty.com","Female","200.129.31.6"
"431","Reinaldo","Kovelmann","rkovelmannby@auda.org.au","Male","171.8.35.7"
"432","Mortimer","Fredi","mfredibz@google.com.hk","Male","93.151.243.66"
"433","Gianina","Laurance","glaurancec0@fotki.com","Female","40.181.72.72"
"434","Robyn","Wadesworth","rwadesworthc1@businessweek.com","Female","251.215.50.35"
"435","Darrel","Bather","dbatherc2@cbc.ca","Male","218.155.247.165"
"436","Carine","Toplis","ctoplisc3@mozilla.org","Female","126.160.179.67"
"437","Caspar","Learmonth","clearmonthc4@microsoft.com","Male","97.42.195.172"
"438","Thaine","Carnalan","tcarnalanc5@latimes.com","Male","133.152.63.203"
"439","Gabi","Sarsfield","gsarsfieldc6@ustream.tv","Male","181.129.161.146"
"440","Brandy","Gregorowicz","bgregorowiczc7@sun.com","Female","131.183.177.158"
"441","Camellia","Scranedge","cscranedgec8@skyrock.com","Female","138.242.168.251"
"442","Lenard","O'Duilleain","loduilleainc9@webeden.co.uk","Male","170.165.4.243"
"443","Godwin","Franzini","gfranzinica@ucoz.com","Male","81.193.138.5"
"444","Alexandro","Jewis","ajewiscb@timesonline.co.uk","Male","242.214.208.86"
"445","Roderick","Haill","rhaillcc@about.me","Male","45.6.146.69"
"446","Brita","Goulbourn","bgoulbourncd@cocolog-nifty.com","Female","190.250.44.137"
"447","Nana","Sifleet","nsifleetce@cyberchimps.com","Female","39.117.23.164"
"448","Hester","Antill","hantillcf@vk.com","Female","71.253.0.1"
"449","Miguelita","Comerford","mcomerfordcg@comsenz.com","Female","12.85.117.195"
"450","Randell","Cheers","rcheersch@usatoday.com","Male","80.60.160.14"
"451","Dasya","Carberry","dcarberryci@nyu.edu","Female","123.234.184.57"
"452","Eulalie","Simonitto","esimonittocj@indiatimes.com","Female","7.108.45.150"
"453","Micheline","Human","mhumanck@google.fr","Female","203.14.6.126"
"454","Nye","Nell","nnellcl@senate.gov","Male","86.226.219.28"
"455","Walther","Hinrichsen","whinrichsencm@pinterest.com","Male","47.52.81.81"
"456","Sergio","Jachimak","sjachimakcn@bing.com","Male","78.185.122.84"
"457","Samuele","Bavister","sbavisterco@issuu.com","Male","138.64.190.213"
"458","Noemi","Eul","neulcp@simplemachines.org","Female","29.251.122.2"
"459","Lionello","Bamblett","lbamblettcq@nifty.com","Male","37.202.165.114"
"460","Alexander","Dunderdale","adunderdalecr@biblegateway.com","Male","125.112.153.79"
"461","Liliane","Chasen","lchasencs@zdnet.com","Female","77.9.114.196"
"462","James","Bonsall","jbonsallct@nsw.gov.au","Male","204.226.24.198"
"463","Angelle","Wodeland","awodelandcu@ocn.ne.jp","Female","237.196.170.237"
"464","Doro","Medina","dmedinacv@edublogs.org","Female","149.179.188.120"
"465","Jammal","Yorston","jyorstoncw@ebay.com","Male","47.160.162.49"
"466","Ramonda","Martinuzzi","rmartinuzzicx@google.nl","Female","236.32.221.5"
"467","Orella","Marquis","omarquiscy@webeden.co.uk","Female","199.110.204.46"
"468","Vinny","Crinidge","vcrinidgecz@abc.net.au","Male","226.110.143.45"
"469","Ashlan","Ellif","aellifd0@cloudflare.com","Female","241.214.6.103"
"470","Ingeborg","Scown","iscownd1@aol.com","Female","224.250.95.28"
"471","Felipa","Buten","fbutend2@cloudflare.com","Female","243.112.64.12"
"472","Kent","Yurikov","kyurikovd3@nbcnews.com","Male","51.72.176.255"
"473","Eleonora","O'Teague","eoteagued4@paginegialle.it","Female","202.40.171.101"
"474","Theobald","Kincade","tkincaded5@simplemachines.org","Male","118.81.186.218"
"475","Daria","Kloss","dklossd6@eventbrite.com","Female","238.73.182.145"
"476","Chris","McCosh","cmccoshd7@spiegel.de","Female","173.112.202.88"
"477","Carin","Beecheno","cbeechenod8@prweb.com","Female","155.88.31.75"
"478","Querida","Heatherington","qheatheringtond9@twitter.com","Female","140.157.212.47"
"479","Reece","Lauchlan","rlauchlanda@google.fr","Male","59.167.109.146"
"480","Darleen","Penrith","dpenrithdb@51.la","Female","198.103.151.76"
"481","Kent","Utley","kutleydc@tripadvisor.com","Male","12.168.161.147"
"482","Marsh","MacConnulty","mmacconnultydd@craigslist.org","Male","126.220.177.70"
"483","Wainwright","Wheatland","wwheatlandde@issuu.com","Male","13.12.208.236"
"484","Glenna","Senussi","gsenussidf@toplist.cz","Female","21.104.206.90"
"485","Tom","Gemmell","tgemmelldg@wiley.com","Male","107.100.250.195"
"486","Ravi","Grugerr","rgrugerrdh@columbia.edu","Male","233.147.15.22"
"487","Chelsy","Hamp","champdi@who.int","Female","166.29.89.222"
"488","Haleigh","Joysey","hjoyseydj@wsj.com","Female","221.168.73.229"
"489","Lauren","McCaughran","lmccaughrandk@csmonitor.com","Male","119.11.38.167"
"490","Manda","Albion","malbiondl@skype.com","Female","196.66.150.142"
"491","Daisie","Graeser","dgraeserdm@wunderground.com","Female","106.125.19.54"
"492","Otho","Borwick","oborwickdn@scribd.com","Male","226.217.154.113"
"493","Janella","Rawlyns","jrawlynsdo@hao123.com","Female","151.111.70.230"
"494","Lorenza","Frew","lfrewdp@cornell.edu","Female","100.189.211.163"
"495","Sophia","Coley","scoleydq@furl.net","Female","215.217.115.7"
"496","Brandyn","Morland","bmorlanddr@usnews.com","Male","14.155.147.153"
"497","Kassie","Wivell","kwivellds@bandcamp.com","Female","34.61.255.96"
"498","Bail","Kearney","bkearneydt@163.com","Male","33.166.34.43"
"499","Ephraim","Aleksic","ealeksicdu@theglobeandmail.com","Male","244.43.48.127"
"500","Khalil","Leathers","kleathersdv@cloudflare.com","Male","230.214.21.237"
"501","Kaleb","MacGoun","kmacgoundw@jalbum.net","Male","3.218.91.226"
"502","Thalia","Partrick","tpartrickdx@163.com","Female","105.60.50.233"
"503","Veronica","Kevane","vkevanedy@yellowpages.com","Female","210.161.26.97"
"504","Humfrid","Waddie","hwaddiedz@bloomberg.com","Male","195.95.200.150"
"505","Merola","Binding","mbindinge0@npr.org","Female","54.241.31.197"
"506","Issie","Grisley","igrisleye1@addthis.com","Female","149.128.127.21"
"507","Fionna","Curry","fcurrye2@auda.org.au","Female","143.173.9.120"
"508","Justin","Leathem","jleatheme3@si.edu","Male","223.179.41.132"
"509","Rufe","Toghill","rtoghille4@theatlantic.com","Male","151.85.183.214"
"510","Duffy","Schimaschke","dschimaschkee5@uol.com.br","Male","57.77.239.43"
"511","Jorrie","Emberson","jembersone6@shutterfly.com","Female","25.172.190.68"
"512","Lyndel","Flucks","lfluckse7@intel.com","Female","243.7.170.74"
"513","Trev","Kopje","tkopjee8@comcast.net","Male","66.112.173.95"
"514","Penelope","Steger","pstegere9@apache.org","Female","180.103.43.77"
"515","Stafford","Genery","sgeneryea@tmall.com","Male","107.239.179.167"
"516","Barbra","Agg","baggeb@xrea.com","Female","18.86.101.57"
"517","Baudoin","Murden","bmurdenec@miitbeian.gov.cn","Male","249.117.38.183"
"518","Benjie","Robertsen","brobertsened@goo.gl","Male","177.221.39.104"
"519","Kara","Briatt","kbriattee@w3.org","Female","134.152.177.227"
"520","Tish","Skillitt","tskillittef@stumbleupon.com","Female","74.94.167.146"
"521","Skye","Hrishanok","shrishanokeg@issuu.com","Male","132.212.13.68"
"522","Mel","Sigward","msigwardeh@spiegel.de","Male","229.204.101.134"
"523","Hedvige","Kohn","hkohnei@usda.gov","Female","202.219.60.206"
"524","Forest","Langworthy","flangworthyej@oracle.com","Male","159.237.36.217"
"525","Nicolle","Bruckshaw","nbruckshawek@ucsd.edu","Female","173.121.109.10"
"526","Kimmy","Kinavan","kkinavanel@timesonline.co.uk","Female","231.221.143.99"
"527","Matt","Rylatt","mrylattem@wufoo.com","Male","22.85.92.92"
"528","Waite","Jentgens","wjentgensen@google.com","Male","130.6.123.177"
"529","Hermie","Tumility","htumilityeo@vk.com","Male","52.181.214.201"
"530","Amara","Alvis","aalvisep@princeton.edu","Female","250.175.31.39"
"531","Andres","Gendricke","agendrickeeq@purevolume.com","Male","57.170.82.16"
"532","Zebulen","Boother","zbootherer@nydailynews.com","Male","102.171.175.8"
"533","Lizette","Tulloch","ltulloches@yale.edu","Female","40.245.228.97"
"534","Reginauld","Flaherty","rflahertyet@so-net.ne.jp","Male","23.131.27.154"
"535","Nero","Snaith","nsnaitheu@mail.ru","Male","187.197.0.226"
"536","Kit","Rome","kromeev@diigo.com","Male","29.31.90.198"
"537","Zachariah","Blinman","zblinmanew@altervista.org","Male","10.64.219.47"
"538","Binky","Timoney","btimoneyex@ezinearticles.com","Male","227.10.131.189"
"539","Alikee","Leggen","aleggeney@baidu.com","Female","18.128.76.114"
"540","Jayme","Willison","jwillisonez@xinhuanet.com","Female","17.246.196.137"
"541","Vasilis","Quigley","vquigleyf0@diigo.com","Male","183.101.196.173"
"542","Layney","Langelaan","llangelaanf1@hc360.com","Female","57.19.20.124"
"543","Dore","Carlson","dcarlsonf2@prlog.org","Male","186.184.246.54"
"544","Chandal","Nairy","cnairyf3@weebly.com","Female","1.228.52.23"
"545","Nahum","Calender","ncalenderf4@homestead.com","Male","216.86.106.70"
"546","Emmery","Salvadori","esalvadorif5@netlog.com","Male","244.76.101.11"
"547","Terrie","Flello","tflellof6@cornell.edu","Female","66.216.181.41"
"548","Stanford","McGavigan","smcgaviganf7@reference.com","Male","169.234.1.243"
"549","Wade","Aylott","waylottf8@youku.com","Male","143.64.13.97"
"550","Quinton","Aspinwall","qaspinwallf9@360.cn","Male","101.13.84.9"
"551","Jordon","Skule","jskulefa@slideshare.net","Male","144.23.153.56"
"552","Norean","Cordelet","ncordeletfb@narod.ru","Female","76.27.11.226"
"553","Adriaens","Buglar","abuglarfc@spotify.com","Female","221.146.226.5"
"554","Purcell","Huot","phuotfd@omniture.com","Male","12.131.127.138"
"555","Patsy","Gobeau","pgobeaufe@booking.com","Male","191.129.233.0"
"556","Frieda","Viggars","fviggarsff@issuu.com","Female","148.240.102.174"
"557","Loria","Pountain","lpountainfg@freewebs.com","Female","250.150.195.253"
"558","Enrico","Briand","ebriandfh@cocolog-nifty.com","Male","214.217.236.114"
"559","Trip","Bere","tberefi@msu.edu","Male","119.124.149.179"
"560","Daniela","Butland","dbutlandfj@hao123.com","Female","21.239.31.119"
"561","Anthony","Minerdo","aminerdofk@shop-pro.jp","Male","153.240.98.39"
"562","Olav","Wainman","owainmanfl@liveinternet.ru","Male","238.127.182.207"
"563","Brendon","Osipenko","bosipenkofm@photobucket.com","Male","36.252.88.44"
"564","Rutledge","Needs","rneedsfn@deliciousdays.com","Male","252.105.195.54"
"565","Waldon","Yarrow","wyarrowfo@bigcartel.com","Male","36.169.87.170"
"566","Bradly","Ainge","baingefp@mail.ru","Male","123.245.144.244"
"567","Camellia","Crossfeld","ccrossfeldfq@printfriendly.com","Female","147.196.225.203"
"568","Lettie","Tuting","ltutingfr@mtv.com","Female","134.177.43.207"
"569","Gus","Cochrane","gcochranefs@wix.com","Male","81.47.66.67"
"570","Renelle","Ommundsen","rommundsenft@accuweather.com","Female","82.115.97.57"
"571","Evania","Melmore","emelmorefu@imgur.com","Female","204.221.22.177"
"572","Libbie","Sans","lsansfv@hostgator.com","Female","129.187.193.34"
"573","Sheridan","Silmon","ssilmonfw@baidu.com","Male","201.204.223.131"
"574","Marjory","Humbee","mhumbeefx@va.gov","Female","178.156.198.63"
"575","Walliw","Matuschek","wmatuschekfy@gnu.org","Female","179.93.150.125"
"576","Thayne","Melladew","tmelladewfz@imgur.com","Male","138.44.235.66"
"577","Donall","Arnholz","darnholzg0@nationalgeographic.com","Male","247.54.176.86"
"578","Sven","Skilton","sskiltong1@devhub.com","Male","27.70.48.157"
"579","Sonja","Wilcot","swilcotg2@walmart.com","Female","145.68.168.93"
"580","Kile","Dermot","kdermotg3@ucoz.com","Male","250.53.23.235"
"581","Skippie","Gasking","sgaskingg4@comsenz.com","Male","46.129.0.143"
"582","Ingra","Fundell","ifundellg5@a8.net","Male","84.174.127.13"
"583","Row","Knutsen","rknutseng6@usnews.com","Female","27.111.12.2"
"584","Ali","Medcalf","amedcalfg7@sun.com","Female","107.74.153.141"
"585","Karlen","Riggeard","kriggeardg8@joomla.org","Female","212.100.60.145"
"586","Yancey","Goede","ygoedeg9@businesswire.com","Male","248.168.109.142"
"587","Tobey","Delgadillo","tdelgadilloga@squarespace.com","Female","207.168.72.203"
"588","Lovell","Clelle","lclellegb@goo.gl","Male","165.15.58.159"
"589","Leeanne","Jacobson","ljacobsongc@miibeian.gov.cn","Female","195.98.53.80"
"590","Kyrstin","Marini","kmarinigd@wisc.edu","Female","81.105.41.136"
"591","Erin","Vahey","evaheyge@amazon.com","Male","218.169.187.181"
"592","Blinny","Kinkaid","bkinkaidgf@is.gd","Female","205.220.70.52"
"593","Grace","Reichardt","greichardtgg@dagondesign.com","Male","94.23.44.61"
"594","Shelby","Shrieve","sshrievegh@dropbox.com","Male","182.70.100.222"
"595","Miquela","Kuhlen","mkuhlengi@jigsy.com","Female","10.138.193.233"
"596","Alister","Zannelli","azannelligj@discovery.com","Male","253.58.205.192"
"597","Marty","Veare","mvearegk@cmu.edu","Male","21.146.42.175"
"598","Sawyere","De Zamudio","sdezamudiogl@paypal.com","Male","218.191.155.166"
"599","Hedvige","McIlvaney","hmcilvaneygm@dell.com","Female","41.174.183.24"
"600","Bert","Clendening","bclendeninggn@java.com","Female","139.184.147.24"
"601","Bengt","Drysdale","bdrysdalego@ow.ly","Male","160.122.252.127"
"602","Giusto","Daynter","gdayntergp@telegraph.co.uk","Male","107.93.153.148"
"603","Constancia","Gossop","cgossopgq@taobao.com","Female","207.203.5.51"
"604","Car","Nisot","cnisotgr@washingtonpost.com","Male","2.106.147.82"
"605","Modesty","Le Noire","mlenoiregs@dropbox.com","Female","9.137.28.180"
"606","Tom","Peabody","tpeabodygt@chronoengine.com","Male","132.199.31.236"
"607","Jehanna","Hathaway","jhathawaygu@cbsnews.com","Female","118.227.24.225"
"608","Giustino","Kleiser","gkleisergv@cbsnews.com","Male","235.175.173.41"
"609","Emmott","Tapping","etappinggw@symantec.com","Male","145.98.110.223"
"610","Guthry","Blown","gblowngx@yandex.ru","Male","54.106.130.197"
"611","Grove","Kettell","gkettellgy@mac.com","Male","249.21.80.12"
"612","Chandler","Denington","cdeningtongz@photobucket.com","Male","1.153.34.198"
"613","Issi","Stuckley","istuckleyh0@theatlantic.com","Female","165.159.208.255"
"614","Wells","Crock","wcrockh1@wsj.com","Male","139.147.144.87"
"615","Erick","Hoble","ehobleh2@hhs.gov","Male","131.74.133.240"
"616","Sonnnie","Twelftree","stwelftreeh3@theguardian.com","Female","138.164.210.84"
"617","Benson","Tythacott","btythacotth4@google.de","Male","115.35.131.123"
"618","Fernande","Sutherley","fsutherleyh5@timesonline.co.uk","Female","117.234.236.212"
"619","Johanna","Caulwell","jcaulwellh6@trellian.com","Female","223.239.118.249"
"620","Hedy","Grabeham","hgrabehamh7@creativecommons.org","Female","92.48.74.95"
"621","Benjamen","Torald","btoraldh8@foxnews.com","Male","56.24.17.254"
"622","Grazia","Allman","gallmanh9@tinyurl.com","Female","107.228.191.45"
"623","Phoebe","Jirick","pjirickha@tripod.com","Female","4.125.202.191"
"624","Melisse","McQuade","mmcquadehb@huffingtonpost.com","Female","188.76.99.103"
"625","Laryssa","Appleton","lappletonhc@t.co","Female","40.150.155.143"
"626","Rainer","McKeating","rmckeatinghd@dropbox.com","Male","51.35.98.129"
"627","Parry","Muffett","pmuffetthe@nymag.com","Male","254.35.124.21"
"628","Colleen","Trownson","ctrownsonhf@gravatar.com","Female","141.250.105.191"
"629","Candida","Juleff","cjuleffhg@over-blog.com","Female","101.206.203.54"
"630","Meris","Wauchope","mwauchopehh@360.cn","Female","104.204.132.100"
"631","Enid","Tapscott","etapscotthi@domainmarket.com","Female","161.55.162.63"
"632","Rhianna","Applewhite","rapplewhitehj@google.cn","Female","152.18.170.70"
"633","Nicky","Vannar","nvannarhk@ask.com","Female","53.95.44.6"
"634","Malena","Rozanski","mrozanskihl@constantcontact.com","Female","40.72.137.156"
"635","Leia","Lambertini","llambertinihm@csmonitor.com","Female","158.92.58.19"
"636","Lissy","Mallison","lmallisonhn@kickstarter.com","Female","133.244.50.216"
"637","Kenna","Kalinke","kkalinkeho@newyorker.com","Female","251.97.139.7"
"638","Heriberto","Courtonne","hcourtonnehp@google.it","Male","9.129.172.235"
"639","Israel","Grzeszczak","igrzeszczakhq@usatoday.com","Male","96.82.181.10"
"640","Rosemonde","Rizzetti","rrizzettihr@spiegel.de","Female","188.138.221.53"
"641","Ysabel","Olesen","yolesenhs@artisteer.com","Female","106.240.129.225"
"642","Carolin","MacKellen","cmackellenht@123-reg.co.uk","Female","152.40.200.24"
"643","Roxane","Bischop","rbischophu@xrea.com","Female","117.46.253.44"
"644","Celesta","Titherington","ctitheringtonhv@virginia.edu","Female","69.249.149.144"
"645","Jeramey","Stonehewer","jstonehewerhw@jalbum.net","Male","132.134.33.61"
"646","Merrel","Shilton","mshiltonhx@gnu.org","Male","131.120.137.188"
"647","Ursa","Joul","ujoulhy@umn.edu","Female","162.167.106.188"
"648","Brandie","Hobble","bhobblehz@europa.eu","Female","151.143.248.152"
"649","Phaedra","MacAlinden","pmacalindeni0@netlog.com","Female","83.0.234.190"
"650","Marta","Chiechio","mchiechioi1@oakley.com","Female","189.118.215.150"
"651","Sherlock","Rubanenko","srubanenkoi2@cyberchimps.com","Male","25.214.97.243"
"652","Hobart","Favill","hfavilli3@huffingtonpost.com","Male","69.242.164.130"
"653","Galvan","Catlin","gcatlini4@columbia.edu","Male","240.107.124.164"
"654","Marylynne","Gadie","mgadiei5@time.com","Female","123.9.77.127"
"655","Ruy","Charlwood","rcharlwoodi6@biglobe.ne.jp","Male","50.22.183.110"
"656","Tracey","Iannelli","tiannellii7@360.cn","Male","44.114.223.114"
"657","Fin","Streatfeild","fstreatfeildi8@seattletimes.com","Male","105.154.162.166"
"658","Marrissa","Alberts","malbertsi9@tuttocitta.it","Female","204.176.238.192"
"659","Rik","Rosebotham","rrosebothamia@netlog.com","Male","253.210.58.8"
"660","Onofredo","Peete","opeeteib@drupal.org","Male","185.191.231.103"
"661","Malissia","Jago","mjagoic@noaa.gov","Female","228.154.15.160"
"662","Rich","O'Shirine","roshirineid@ucoz.ru","Male","103.62.87.71"
"663","Jolyn","Bichener","jbichenerie@yahoo.co.jp","Female","80.17.115.221"
"664","Ami","Titmarsh","atitmarshif@go.com","Female","120.190.32.182"
"665","Kaiser","Posselt","kposseltig@hostgator.com","Male","15.186.119.100"
"666","Ricard","Bellefonte","rbellefonteih@globo.com","Male","124.8.71.205"
"667","Millicent","Salter","msalterii@sfgate.com","Female","194.68.14.30"
"668","Rubi","Clyburn","rclyburnij@jigsy.com","Female","149.8.199.37"
"669","Tedda","Carn","tcarnik@cnbc.com","Female","81.197.28.128"
"670","Lionello","Riley","lrileyil@china.com.cn","Male","142.68.53.235"
"671","Mathew","Verduin","mverduinim@soup.io","Male","126.109.77.209"
"672","Pamela","Hiland","philandin@nyu.edu","Female","9.22.5.5"
"673","Frankie","Renbold","frenboldio@jimdo.com","Female","0.81.191.91"
"674","Borden","Dorn","bdornip@ehow.com","Male","199.51.255.76"
"675","Jamal","Decayette","jdecayetteiq@ebay.co.uk","Male","101.153.250.230"
"676","Roy","Brosi","rbrosiir@biblegateway.com","Male","207.24.28.188"
"677","Daveta","Kofax","dkofaxis@umich.edu","Female","105.28.65.126"
"678","Ailsun","Gostyke","agostykeit@digg.com","Female","250.58.184.112"
"679","Laura","Killich","lkillichiu@fema.gov","Female","161.92.57.40"
"680","Sile","Dowyer","sdowyeriv@vimeo.com","Female","133.52.172.137"
"681","Lorine","Bockmann","lbockmanniw@php.net","Female","33.221.197.30"
"682","Thedrick","Siegertsz","tsiegertszix@google.co.jp","Male","107.47.44.207"
"683","Jamison","Parkyn","jparkyniy@cbslocal.com","Male","17.185.248.252"
"684","Brinn","Franzotto","bfranzottoiz@alexa.com","Female","72.176.35.113"
"685","Emyle","Duncanson","eduncansonj0@elegantthemes.com","Female","239.103.212.128"
"686","Flem","Gulliford","fgullifordj1@comsenz.com","Male","201.121.193.198"
"687","Tildie","Gronauer","tgronauerj2@ftc.gov","Female","79.243.207.41"
"688","Shela","Pawlik","spawlikj3@topsy.com","Female","106.82.201.91"
"689","Konstantin","Richly","krichlyj4@homestead.com","Male","150.252.15.124"
"690","Ogdan","Planque","oplanquej5@usgs.gov","Male","95.31.16.96"
"691","Hilarius","Bucklan","hbucklanj6@ucsd.edu","Male","6.2.235.231"
"692","Clarinda","Padell","cpadellj7@woothemes.com","Female","237.220.177.135"
"693","Sande","Osmon","sosmonj8@economist.com","Female","69.252.224.76"
"694","Wandis","Rillatt","wrillattj9@redcross.org","Female","107.160.162.159"
"695","Salomo","Koba","skobaja@eepurl.com","Male","126.22.82.48"
"696","Taite","Farrears","tfarrearsjb@google.de","Male","71.82.220.235"
"697","Bruno","Riggert","briggertjc@bloomberg.com","Male","124.10.102.20"
"698","Chadwick","Cheeseman","ccheesemanjd@telegraph.co.uk","Male","11.40.178.5"
"699","Suzy","Lowes","slowesje@accuweather.com","Female","69.47.195.165"
"700","Aldon","Ceney","aceneyjf@myspace.com","Male","171.185.64.214"
"701","Carley","Rameau","crameaujg@google.co.uk","Female","19.25.81.56"
"702","Hilary","Brothers","hbrothersjh@unblog.fr","Male","111.207.15.124"
"703","Ashien","Almond","aalmondji@dell.com","Female","26.157.215.214"
"704","Wilfrid","Clail","wclailjj@naver.com","Male","37.249.17.26"
"705","Troy","Connar","tconnarjk@meetup.com","Male","129.147.47.119"
"706","Lara","Sparrowe","lsparrowejl@naver.com","Female","138.227.23.9"
"707","Fons","Andor","fandorjm@sun.com","Male","94.178.223.99"
"708","Trefor","Snoad","tsnoadjn@booking.com","Male","104.211.139.67"
"709","Ronnica","Vase","rvasejo@elpais.com","Female","21.203.141.74"
"710","Weylin","Coughtrey","wcoughtreyjp@parallels.com","Male","252.227.208.23"
"711","Kendricks","Gjerde","kgjerdejq@mozilla.org","Male","173.204.15.6"
"712","Hatti","Carlaw","hcarlawjr@ox.ac.uk","Female","59.24.80.207"
"713","Hollie","Mattheus","hmattheusjs@mail.ru","Female","120.242.152.220"
"714","Pier","Davidwitz","pdavidwitzjt@google.es","Female","140.230.250.92"
"715","Timmy","Gerhardt","tgerhardtju@ucsd.edu","Male","41.125.242.23"
"716","Titos","Sarl","tsarljv@chronoengine.com","Male","188.221.29.80"
"717","Bertina","Reiners","breinersjw@who.int","Female","62.154.204.75"
"718","Bernardina","Lendrem","blendremjx@google.fr","Female","123.238.145.89"
"719","Trumaine","Blondell","tblondelljy@sakura.ne.jp","Male","9.176.166.33"
"720","Stirling","Landes","slandesjz@ebay.com","Male","15.139.91.61"
"721","Eli","Guiel","eguielk0@elpais.com","Male","239.141.9.14"
"722","Carrol","Yegorchenkov","cyegorchenkovk1@salon.com","Male","174.167.146.96"
"723","Sile","Cran","scrank2@tiny.cc","Female","115.109.15.169"
"724","Ty","Housiaux","thousiauxk3@census.gov","Male","60.33.146.97"
"725","Byrle","Longman","blongmank4@prnewswire.com","Male","171.189.243.100"
"726","Laurie","Sharma","lsharmak5@illinois.edu","Female","68.128.249.244"
"727","Luca","Finicj","lfinicjk6@woothemes.com","Male","202.246.67.233"
"728","Ofilia","Letixier","oletixierk7@gravatar.com","Female","212.168.234.38"
"729","Lacie","Stockall","lstockallk8@jimdo.com","Female","134.122.3.37"
"730","Thornie","Cluff","tcluffk9@slideshare.net","Male","29.122.203.200"
"731","Katherine","Cato","kcatoka@uol.com.br","Female","185.229.159.179"
"732","Lucina","Di Giacomettino","ldigiacomettinokb@youtu.be","Female","204.121.90.111"
"733","Staci","Lincke","slinckekc@etsy.com","Female","149.215.188.159"
"734","Herb","Sheirlaw","hsheirlawkd@trellian.com","Male","105.215.200.137"
"735","Alissa","Count","acountke@twitpic.com","Female","225.66.46.142"
"736","Cathie","Cornes","ccorneskf@dedecms.com","Female","56.164.234.16"
"737","Chantalle","Hubber","chubberkg@accuweather.com","Female","2.94.71.60"
"738","Shaine","Humbee","shumbeekh@miibeian.gov.cn","Male","217.116.137.48"
"739","Cammy","Woolfenden","cwoolfendenki@va.gov","Male","253.140.224.19"
"740","Myrtia","Winsome","mwinsomekj@vistaprint.com","Female","191.83.161.171"
"741","Benedikta","Maith","bmaithkk@unicef.org","Female","84.58.252.157"
"742","Anthony","Paolillo","apaolillokl@whitehouse.gov","Male","71.86.177.40"
"743","Cathy","Dumsday","cdumsdaykm@is.gd","Female","152.83.114.4"
"744","Hiram","Hofton","hhoftonkn@skyrock.com","Male","222.3.43.188"
"745","Moselle","Prickett","mprickettko@sbwire.com","Female","24.120.171.216"
"746","Vick","Medmore","vmedmorekp@icq.com","Male","25.152.39.169"
"747","Bryn","Thorburn","bthorburnkq@hao123.com","Female","20.13.121.22"
"748","Zacharia","Vigietti","zvigiettikr@rakuten.co.jp","Male","172.88.14.102"
"749","Minna","Gerge","mgergeks@columbia.edu","Female","226.85.179.123"
"750","Paton","Gilardoni","pgilardonikt@prnewswire.com","Male","6.146.70.76"
"751","Foster","Furminger","ffurmingerku@yolasite.com","Male","74.6.70.77"
"752","Adriano","Keeri","akeerikv@msn.com","Male","187.248.46.80"
"753","Nicolette","Grutchfield","ngrutchfieldkw@facebook.com","Female","26.84.216.10"
"754","Benoite","Dimitriades","bdimitriadeskx@china.com.cn","Female","131.240.107.46"
"755","Balduin","Tunder","btunderky@last.fm","Male","137.234.188.126"
"756","Giacopo","Brilleman","gbrillemankz@fc2.com","Male","229.63.210.113"
"757","Fayth","Mulqueen","fmulqueenl0@ow.ly","Female","235.215.44.73"
"758","Helene","Marien","hmarienl1@amazon.co.uk","Female","18.184.103.134"
"759","Dory","Dorwood","ddorwoodl2@fema.gov","Male","77.81.135.109"
"760","Valentina","Westerman","vwestermanl3@cpanel.net","Female","91.115.100.217"
"761","Christabel","Munkley","cmunkleyl4@blogger.com","Female","202.227.186.107"
"762","Humberto","Marlen","hmarlenl5@slashdot.org","Male","36.145.66.156"
"763","Korey","Connechy","kconnechyl6@youtube.com","Male","95.242.89.109"
"764","Raphaela","Kneale","rknealel7@wufoo.com","Female","138.234.93.207"
"765","Thain","Duny","tdunyl8@cafepress.com","Male","8.60.30.207"
"766","Saundra","Aronstein","saronsteinl9@goo.ne.jp","Female","120.42.73.86"
"767","Halsey","Eykelhof","heykelhofla@baidu.com","Male","90.71.57.180"
"768","Carlee","Haggis","chaggislb@bbc.co.uk","Female","189.113.140.112"
"769","Jameson","Whittlesee","jwhittleseelc@wix.com","Male","20.219.14.176"
"770","Janean","Chillingsworth","jchillingsworthld@123-reg.co.uk","Female","62.9.51.97"
"771","Gilberto","McKissack","gmckissackle@nature.com","Male","235.205.76.180"
"772","Jacky","Schumacher","jschumacherlf@arstechnica.com","Male","216.173.160.243"
"773","Annabel","Dorrity","adorritylg@globo.com","Female","162.224.183.238"
"774","Freda","Rangall","frangalllh@un.org","Female","97.84.249.255"
"775","Mirilla","Battelle","mbattelleli@toplist.cz","Female","47.12.50.88"
"776","Joscelin","Barts","jbartslj@jugem.jp","Female","104.80.153.9"
"777","Eric","Ablett","eablettlk@va.gov","Male","156.91.60.137"
"778","Sarene","Kornyshev","skornyshevll@pinterest.com","Female","243.178.132.52"
"779","Aubrette","Autie","aautielm@bloglines.com","Female","120.115.83.12"
"780","Maiga","Alexis","malexisln@jalbum.net","Female","79.20.111.209"
"781","Perle","Parkyns","pparkynslo@bing.com","Female","195.133.197.226"
"782","Nye","Vernalls","nvernallslp@uol.com.br","Male","30.231.84.211"
"783","Jeniece","Hebble","jhebblelq@google.cn","Female","120.201.209.92"
"784","Gisella","Braithwait","gbraithwaitlr@admin.ch","Female","126.83.31.169"
"785","Munmro","Studholme","mstudholmels@fema.gov","Male","70.241.252.236"
"786","Adey","Malter","amalterlt@elpais.com","Female","174.167.181.139"
"787","Harwilll","Philipsson","hphilipssonlu@moonfruit.com","Male","142.225.169.236"
"788","Benedicto","Willman","bwillmanlv@wordpress.com","Male","135.205.129.93"
"789","Lauri","Parramore","lparramorelw@fotki.com","Female","160.228.221.237"
"790","Myca","Dumbrell","mdumbrelllx@wordpress.org","Male","143.54.85.105"
"791","Alanna","Kleanthous","akleanthously@de.vu","Female","186.119.129.230"
"792","Korella","Coldham","kcoldhamlz@paypal.com","Female","61.94.142.11"
"793","Vilhelmina","Rylstone","vrylstonem0@thetimes.co.uk","Female","149.32.0.115"
"794","Kaine","Drayton","kdraytonm1@miibeian.gov.cn","Male","37.186.178.85"
"795","Libby","Laverick","llaverickm2@mit.edu","Female","229.194.198.111"
"796","Evita","Georgelin","egeorgelinm3@macromedia.com","Female","77.218.157.4"
"797","Darda","Derks","dderksm4@so-net.ne.jp","Female","113.214.187.123"
"798","Esra","Gamble","egamblem5@pagesperso-orange.fr","Male","194.61.42.20"
"799","Charis","Zanni","czannim6@imdb.com","Female","16.174.37.12"
"800","Leupold","Fayter","lfayterm7@google.com.au","Male","96.5.25.44"
"801","Aili","Penton","apentonm8@nih.gov","Female","95.21.243.127"
"802","Dante","Sansun","dsansunm9@studiopress.com","Male","241.121.237.245"
"803","Rafaela","Keattch","rkeattchma@cmu.edu","Female","79.144.49.107"
"804","Doralynne","Allbon","dallbonmb@dot.gov","Female","8.238.87.30"
"805","Gage","Cristofalo","gcristofalomc@dot.gov","Male","207.10.94.26"
"806","Kinna","Di Francecshi","kdifrancecshimd@exblog.jp","Female","81.39.108.124"
"807","Ezekiel","Wank","ewankme@vkontakte.ru","Male","58.49.35.132"
"808","Jemie","Fensome","jfensomemf@t.co","Female","156.242.171.47"
"809","Annabal","Ruzicka","aruzickamg@wordpress.com","Female","77.238.6.73"
"810","Kassie","Brittles","kbrittlesmh@berkeley.edu","Female","151.253.212.15"
"811","Gilbert","Rabidge","grabidgemi@flickr.com","Male","217.49.182.31"
"812","Danie","Gainsboro","dgainsboromj@microsoft.com","Male","196.229.22.49"
"813","Boone","Briar","bbriarmk@epa.gov","Male","200.116.248.107"
"814","Gipsy","Gabriel","ggabrielml@mozilla.com","Female","222.125.211.123"
"815","Elie","Gibbings","egibbingsmm@nhs.uk","Female","101.184.79.236"
"816","Cirillo","Knowlden","cknowldenmn@apple.com","Male","7.35.156.207"
"817","Marybelle","Stow","mstowmo@craigslist.org","Female","199.129.191.162"
"818","Gwenette","Volkes","gvolkesmp@jimdo.com","Female","95.158.109.71"
"819","Bailey","Philpin","bphilpinmq@amazonaws.com","Male","160.70.94.83"
"820","Theadora","Perelli","tperellimr@china.com.cn","Female","198.20.96.238"
"821","Ayn","Haddow","ahaddowms@smugmug.com","Female","21.241.10.231"
"822","Zaccaria","Doak","zdoakmt@hao123.com","Male","86.247.50.204"
"823","Tobie","Cleen","tcleenmu@php.net","Male","252.236.237.92"
"824","Hurley","Spaxman","hspaxmanmv@vimeo.com","Male","11.28.163.171"
"825","Thorndike","Ferraresi","tferraresimw@tmall.com","Male","104.42.210.65"
"826","Thomas","Walcher","twalchermx@shutterfly.com","Male","102.245.251.196"
"827","Lewiss","Perassi","lperassimy@posterous.com","Male","47.3.142.50"
"828","Elbertina","Boggers","eboggersmz@about.com","Female","203.33.195.81"
"829","Arlee","Argue","aarguen0@cisco.com","Female","42.146.210.104"
"830","Karl","Ibeson","kibesonn1@virginia.edu","Male","249.46.224.135"
"831","Dulcine","Reid","dreidn2@columbia.edu","Female","92.198.163.163"
"832","Ty","Kopfer","tkopfern3@nba.com","Male","244.172.222.219"
"833","Jaimie","Wagstaffe","jwagstaffen4@google.it","Female","47.54.122.185"
"834","Clare","Beniesh","cbenieshn5@upenn.edu","Female","101.68.215.128"
"835","Rodrique","Tozer","rtozern6@eventbrite.com","Male","112.133.111.104"
"836","Constantine","Goane","cgoanen7@com.com","Male","78.89.56.154"
"837","Uriah","Sutherley","usutherleyn8@epa.gov","Male","68.59.112.57"
"838","Jessika","Beldam","jbeldamn9@soundcloud.com","Female","187.244.221.214"
"839","Pierson","MacPadene","pmacpadenena@nba.com","Male","129.3.137.52"
"840","Drew","Whye","dwhyenb@addthis.com","Male","236.76.195.39"
"841","Kendell","Diem","kdiemnc@aol.com","Male","170.90.187.3"
"842","Ailey","Viggers","aviggersnd@amazon.de","Female","34.159.179.56"
"843","Aldis","Barfield","abarfieldne@tiny.cc","Male","223.168.166.39"
"844","Monique","Jennery","mjennerynf@uol.com.br","Female","149.59.135.126"
"845","Curcio","Jedrys","cjedrysng@java.com","Male","183.245.237.43"
"846","Ann-marie","Tebbs","atebbsnh@jimdo.com","Female","175.15.93.206"
"847","Tait","Bonnesen","tbonnesenni@cbslocal.com","Male","197.195.35.90"
"848","Yettie","Steiner","ysteinernj@fotki.com","Female","64.86.37.113"
"849","Catherine","Cashin","ccashinnk@alibaba.com","Female","7.5.140.226"
"850","Denver","Bestman","dbestmannl@friendfeed.com","Male","10.40.212.142"
"851","Sybilla","MacCook","smaccooknm@dailymail.co.uk","Female","72.240.186.110"
"852","Carol","Jamblin","cjamblinnn@1und1.de","Female","245.10.2.175"
"853","Bevon","Cossem","bcossemno@google.com.au","Male","221.114.55.225"
"854","Martina","Dowzell","mdowzellnp@goo.gl","Female","125.32.59.209"
"855","Karia","Eadmead","keadmeadnq@blogtalkradio.com","Female","61.184.15.169"
"856","Mae","Soane","msoanenr@china.com.cn","Female","7.95.121.125"
"857","Merrill","Southwell","msouthwellns@eventbrite.com","Female","24.37.41.66"
"858","Sharai","Ivanets","sivanetsnt@shinystat.com","Female","147.14.25.237"
"859","Ennis","Champniss","echampnissnu@pbs.org","Male","79.58.133.106"
"860","Edgard","Weldrick","eweldricknv@twitpic.com","Male","117.72.178.4"
"861","Lelia","Vibert","lvibertnw@a8.net","Female","220.241.83.15"
"862","Paquito","Fernihough","pfernihoughnx@mtv.com","Male","131.161.73.155"
"863","Rici","Orwin","rorwinny@thetimes.co.uk","Female","11.19.189.245"
"864","Lesya","Wavell","lwavellnz@weebly.com","Female","203.177.209.147"
"865","Philbert","Letts","plettso0@nature.com","Male","231.195.151.92"
"866","Skelly","Downham","sdownhamo1@bloglines.com","Male","240.55.122.241"
"867","Caprice","Gedling","cgedlingo2@archive.org","Female","215.229.101.91"
"868","Lynett","Phelipeau","lphelipeauo3@nymag.com","Female","203.251.140.238"
"869","Yovonnda","McGrail","ymcgrailo4@jiathis.com","Female","158.62.21.70"
"870","Augustine","Anstead","aansteado5@vimeo.com","Female","233.174.56.170"
"871","Yvon","Lennon","ylennono6@angelfire.com","Male","158.188.102.171"
"872","Ramsey","Betho","rbethoo7@bloglines.com","Male","28.32.248.18"
"873","Keary","Maslin","kmaslino8@xing.com","Male","83.160.236.21"
"874","Obidiah","Elcome","oelcomeo9@arstechnica.com","Male","104.11.233.75"
"875","Maure","Dekeyser","mdekeyseroa@time.com","Female","213.93.7.64"
"876","Tessa","Knewstub","tknewstubob@cnbc.com","Female","251.50.168.243"
"877","Pernell","Cleugher","pcleugheroc@answers.com","Male","212.58.123.208"
"878","Catlaina","Dowson","cdowsonod@accuweather.com","Female","252.36.211.227"
"879","Vaclav","Lyptrit","vlyptritoe@bigcartel.com","Male","53.127.226.35"
"880","Chloris","Luciano","clucianoof@wix.com","Female","192.147.106.52"
"881","Stanwood","Ryburn","sryburnog@amazon.com","Male","222.239.237.170"
"882","Brooks","Nijssen","bnijssenoh@theguardian.com","Female","160.176.161.236"
"883","Adara","Vigus","avigusoi@wordpress.com","Female","11.234.63.163"
"884","Theressa","Jensen","tjensenoj@delicious.com","Female","58.26.3.187"
"885","Judye","Perell","jperellok@npr.org","Female","255.56.127.161"
"886","Jasen","Noteyoung","jnoteyoungol@imageshack.us","Male","85.85.66.220"
"887","Theresita","Bennedsen","tbennedsenom@photobucket.com","Female","37.88.131.123"
"888","Franz","Feaveryear","ffeaveryearon@about.com","Male","66.27.74.12"
"889","Ian","O'Malley","iomalleyoo@hao123.com","Male","3.179.64.204"
"890","Bronny","Perrett","bperrettop@hibu.com","Male","23.103.106.13"
"891","Hewie","Lannon","hlannonoq@wordpress.org","Male","149.145.12.86"
"892","Stacie","Sambells","ssambellsor@virginia.edu","Female","199.46.15.86"
"893","Lyndsay","Simakov","lsimakovos@phoca.cz","Female","197.101.204.183"
"894","Cesya","Partleton","cpartletonot@cocolog-nifty.com","Female","216.221.223.180"
"895","Bar","Dulieu","bdulieuou@discuz.net","Male","94.122.175.17"
"896","Franchot","Bothie","fbothieov@newyorker.com","Male","219.77.191.221"
"897","William","Maskelyne","wmaskelyneow@bloomberg.com","Male","190.177.134.30"
"898","Mickie","Denis","mdenisox@geocities.jp","Male","225.74.153.114"
"899","Grissel","Drakes","gdrakesoy@jimdo.com","Female","238.20.68.119"
"900","Almire","Headley","aheadleyoz@youku.com","Female","106.207.31.71"
"901","Sayers","Spragg","sspraggp0@taobao.com","Male","158.193.128.165"
"902","Gaspard","Ludovico","gludovicop1@youku.com","Male","226.86.247.45"
"903","Bastian","Dawbery","bdawberyp2@blog.com","Male","12.89.81.203"
"904","Cam","Garrit","cgarritp3@smh.com.au","Male","212.50.179.171"
"905","Jorge","Heymann","jheymannp4@storify.com","Male","114.138.175.82"
"906","Vin","Quilter","vquilterp5@last.fm","Female","90.135.190.255"
"907","Kim","Charters","kchartersp6@google.it","Male","152.124.132.105"
"908","Leena","Paradis","lparadisp7@eepurl.com","Female","156.220.136.211"
"909","Junette","Lavarack","jlavarackp8@cafepress.com","Female","15.132.235.11"
"910","Tripp","Trappe","ttrappep9@webmd.com","Male","154.40.89.161"
"911","Osbourn","Stormouth","ostormouthpa@squidoo.com","Male","13.163.20.249"
"912","Dalli","Daniels","ddanielspb@cam.ac.uk","Male","86.195.85.38"
"913","Nikolia","Cobbled","ncobbledpc@yahoo.co.jp","Female","31.150.171.83"
"914","Hansiain","Tenney","htenneypd@economist.com","Male","140.94.214.179"
"915","Brigitte","Siemens","bsiemenspe@intel.com","Female","219.176.172.242"
"916","Debee","Okill","dokillpf@scribd.com","Female","38.242.222.118"
"917","Woodman","Milborn","wmilbornpg@yelp.com","Male","157.2.210.27"
"918","Keslie","Dunkerley","kdunkerleyph@oakley.com","Female","233.249.82.250"
"919","Ian","Greaser","igreaserpi@typepad.com","Male","186.65.247.142"
"920","Kayne","Gurden","kgurdenpj@slashdot.org","Male","161.91.19.78"
"921","Abba","Dalbey","adalbeypk@vinaora.com","Male","51.67.125.219"
"922","Rozamond","Parkes","rparkespl@wufoo.com","Female","132.128.43.211"
"923","Erny","Durrington","edurringtonpm@mayoclinic.com","Male","130.188.229.124"
"924","Esmeralda","Bogaert","ebogaertpn@answers.com","Female","150.83.120.171"
"925","Cosetta","Premble","cpremblepo@issuu.com","Female","108.177.125.152"
"926","Nilson","Lindegard","nlindegardpp@domainmarket.com","Male","130.98.33.113"
"927","Cyb","Moriarty","cmoriartypq@dell.com","Female","10.127.158.56"
"928","Chaddie","Newis","cnewispr@arizona.edu","Male","188.6.101.72"
"929","Cass","Flintoft","cflintoftps@smh.com.au","Male","242.175.227.177"
"930","Ariana","Easdon","aeasdonpt@irs.gov","Female","235.81.68.143"
"931","Salomi","Skippon","sskipponpu@mashable.com","Female","153.38.118.73"
"932","Cullan","Matyashev","cmatyashevpv@tuttocitta.it","Male","229.142.28.203"
"933","Eddie","Buckhurst","ebuckhurstpw@si.edu","Male","100.177.221.26"
"934","Chandler","Leser","cleserpx@wisc.edu","Male","78.247.102.244"
"935","Roselle","Moughton","rmoughtonpy@pen.io","Female","118.110.151.36"
"936","Amabel","Huish","ahuishpz@timesonline.co.uk","Female","244.133.209.75"
"937","Garald","Karim","gkarimq0@nationalgeographic.com","Male","233.249.24.13"
"938","Yuri","Surphliss","ysurphlissq1@kickstarter.com","Male","141.106.108.172"
"939","Darin","Auty","dautyq2@hibu.com","Male","173.72.158.216"
"940","Laural","Saltern","lsalternq3@soup.io","Female","159.27.68.237"
"941","Aharon","Rzehor","arzehorq4@gizmodo.com","Male","241.155.255.144"
"942","Cassondra","Wanka","cwankaq5@altervista.org","Female","62.77.152.42"
"943","Wallache","Attewill","wattewillq6@baidu.com","Male","82.67.239.19"
"944","Cori","Giorgielli","cgiorgielliq7@rambler.ru","Female","187.197.42.211"
"945","Felicia","Dows","fdowsq8@canalblog.com","Female","81.176.68.148"
"946","Mikel","Chillingworth","mchillingworthq9@imgur.com","Male","89.13.155.193"
"947","Cullin","MacKimm","cmackimmqa@disqus.com","Male","198.65.120.53"
"948","Moyra","Piens","mpiensqb@friendfeed.com","Female","216.55.96.48"
"949","Maritsa","Espinos","mespinosqc@nhs.uk","Female","112.182.50.91"
"950","Christel","Pleven","cplevenqd@msn.com","Female","5.76.133.146"
"951","Chrysa","Pods","cpodsqe@com.com","Female","246.96.122.235"
"952","Kip","Corneck","kcorneckqf@163.com","Female","105.167.195.104"
"953","Barbe","Stockney","bstockneyqg@va.gov","Female","64.136.46.158"
"954","Jena","Puddan","jpuddanqh@who.int","Female","61.133.192.168"
"955","Rayshell","Trigg","rtriggqi@netlog.com","Female","88.5.201.38"
"956","Fitz","Clowney","fclowneyqj@usda.gov","Male","95.76.47.218"
"957","Glory","Auty","gautyqk@moonfruit.com","Female","207.102.138.69"
"958","Rori","Dyte","rdyteql@51.la","Female","38.16.126.20"
"959","Timmy","Challicum","tchallicumqm@chron.com","Male","93.82.139.90"
"960","Harwilll","Mattecot","hmattecotqn@shinystat.com","Male","218.135.100.119"
"961","Livvy","Duthie","lduthieqo@deviantart.com","Female","201.27.220.201"
"962","Kris","Grigaut","kgrigautqp@list-manage.com","Female","229.237.86.165"
"963","Lois","Baglin","lbaglinqq@godaddy.com","Female","91.175.178.190"
"964","Corly","Gravet","cgravetqr@a8.net","Female","40.22.71.43"
"965","Mace","Pack","mpackqs@so-net.ne.jp","Male","216.171.163.87"
"966","Cathrine","Skym","cskymqt@hhs.gov","Female","192.236.222.214"
"967","Barbi","Skippings","bskippingsqu@github.io","Female","27.238.250.87"
"968","Darrin","Lotze","dlotzeqv@cargocollective.com","Male","66.13.106.116"
"969","Cecil","Copin","ccopinqw@delicious.com","Female","54.108.75.150"
"970","Chandra","Poulden","cpouldenqx@last.fm","Female","252.182.49.41"
"971","Hodge","Perutto","hperuttoqy@imageshack.us","Male","104.248.117.210"
"972","Darcy","Dalliwatr","ddalliwatrqz@goodreads.com","Male","246.41.190.17"
"973","Bev","Abramow","babramowr0@amazonaws.com","Female","151.45.163.224"
"974","Mallory","Keyme","mkeymer1@lulu.com","Male","65.146.73.40"
"975","Perla","Burkett","pburkettr2@wunderground.com","Female","4.220.203.212"
"976","Laird","Selesnick","lselesnickr3@time.com","Male","156.45.152.251"
"977","Geri","Bakhrushkin","gbakhrushkinr4@nbcnews.com","Male","202.11.30.45"
"978","Libbey","Dodwell","ldodwellr5@bizjournals.com","Female","40.5.246.193"
"979","Kienan","Wharton","kwhartonr6@pbs.org","Male","238.159.227.71"
"980","Marice","Clink","mclinkr7@addthis.com","Female","83.36.0.26"
"981","Beitris","Lively","blivelyr8@domainmarket.com","Female","156.107.44.165"
"982","Lorant","Antognetti","lantognettir9@reference.com","Male","223.219.105.138"
"983","Sibyl","Pedrocchi","spedrocchira@salon.com","Male","47.249.22.100"
"984","Charline","Ladd","claddrb@fastcompany.com","Female","178.119.68.121"
"985","Filmer","Chilles","fchillesrc@rediff.com","Male","59.9.19.71"
"986","Auroora","Beardwood","abeardwoodrd@acquirethisname.com","Female","138.24.102.174"
"987","Eadith","Pheasant","epheasantre@pagesperso-orange.fr","Female","179.126.0.217"
"988","Kim","Moller","kmollerrf@geocities.jp","Male","156.139.97.150"
"989","Benyamin","Crabbe","bcrabberg@imgur.com","Male","26.177.25.221"
"990","Petronilla","Linnemann","plinnemannrh@discuz.net","Female","235.125.150.164"
"991","Fern","Linggard","flinggardri@imageshack.us","Female","22.111.178.4"
"992","Drucy","Cockley","dcockleyrj@is.gd","Female","89.54.53.220"
"993","Luella","Mithun","lmithunrk@g.co","Female","25.226.202.250"
"994","Janos","Cluff","jcluffrl@admin.ch","Male","30.25.118.227"
"995","David","Jahan","djahanrm@sogou.com","Male","37.70.212.156"
"996","Inglebert","O Mullen","iomullenrn@liveinternet.ru","Male","22.230.6.209"
"997","Floria","Lonsdale","flonsdalero@over-blog.com","Female","111.96.97.137"
"998","Marlo","Colleran","mcolleranrp@marriott.com","Male","202.2.83.140"
"999","Enrichetta","Saing","esaingrq@epa.gov","Female","237.24.92.76"
"1000","Elonore","Punton","epuntonrr@ustream.tv","Female","20.90.85.112"
